{ 
  "config": {
    "n_episodes": 150,
    "q_per_episode": 30,
    "n_seeds": 6,
    "proficiency_threshold": 0.65
  },
  "final_mastery": {
    "ppo_ucb": 1.0,
    "fixed": 0.7435330343443888,
    "random": 1.0
  },
  "final_mastery_std": {
    "ppo_ucb": 0.0,
    "fixed": 0.009154154500326325,
    "random": 0.0
  },
  "episodes_to_proficiency_mean": {
    "ppo_ucb": 11.333333333333334,
    "fixed": 10.0,
    "random": 11.0
  },
  "episodes_to_proficiency_std": {
    "ppo_ucb": 0.4714045207910317,
    "fixed": 0.0,
    "random": 0.816496580927726
  },
  "mastery_curves": {
    "ppo_ucb": [
      0.1878338611616097,
      0.23391207894738333,
      0.28650760131062375,
      0.33749240818087056,
      0.3913439391141254,
      0.4354327022599875,
      0.4795746603170075,
      0.5239799278807573,
      0.5648224166349617,
      0.6000093200283695,
      0.6284278524097752,
      0.6580131758780746,
      0.6854226818066834,
      0.7097653648539478,
      0.7341598627472578,
      0.7530038968826877,
      0.7724542501411377,
      0.7881550625205728,
      0.8032313141586677,
      0.8168924184187508,
      0.8303623992430814,
      0.8410536275198858,
      0.8502090927054436,
      0.8600786791687428,
      0.870625348303871,
      0.8803282235099766,
      0.8906351903836139,
      0.8980922599794919,
      0.9036615635015189,
      0.9101147778311386,
      0.9163125989411213,
      0.9209147708665931,
      0.9260080291432541,
      0.9296150971517653,
      0.934003610433286,
      0.936888304947368,
      0.9407272862374102,
      0.9438135188131239,
      0.9471741794623223,
      0.949962309972442,
      0.9533558009458883,
      0.9562509471408559,
      0.959360323300753,
      0.9619380225195969,
      0.9644958443931775,
      0.966824351399405,
      0.9690618888760065,
      0.971177014588911,
      0.9730284529521237,
      0.9746296375274949,
      0.9763402819565538,
      0.9776567441199107,
      0.979373503658516,
      0.9807177683403397,
      0.9822045010405152,
      0.9835005959075378,
      0.9843623669329662,
      0.9858040092106689,
      0.9868971046886728,
      0.9876129499990145,
      0.9885804294847224,
      0.9894810960546733,
      0.9906148847012956,
      0.9919292973524828,
      0.9929796562621185,
      0.9937296892335334,
      0.9948513346075201,
      0.9954369069836334,
      0.9960243305343569,
      0.9965809011500459,
      0.9970820931905844,
      0.9975047501592306,
      0.9978969050032731,
      0.9982725227617809,
      0.9985928491422794,
      0.9989029732337159,
      0.9991321399003824,
      0.9993538725841056,
      0.9996163298402237,
      0.9996598184690267,
      0.9997223184690268,
      0.999824547126965,
      0.9998453804602984,
      0.9999287137936316,
      0.9999912137936317,
      1.0,
      1.0,
      1.0,
      1.0,
      1.0,
      1.0,
      1.0,
      1.0,
      1.0,
      1.0,
      1.0,
      1.0,
      1.0,
      1.0,
      1.0,
      1.0,
      1.0,
      1.0,
      1.0,
      1.0,
      1.0,
      1.0,
      1.0,
      1.0,
      1.0,
      1.0,
      1.0,
      1.0,
      1.0,
      1.0,
      1.0,
      1.0,
      1.0,
      1.0,
      1.0,
      1.0,
      1.0,
      1.0,
      1.0,
      1.0,
      1.0,
      1.0,
      1.0,
      1.0,
      1.0,
      1.0,
      1.0,
      1.0,
      1.0,
      1.0,
      1.0,
      1.0,
      1.0,
      1.0,
      1.0,
      1.0,
      1.0,
      1.0,
      1.0,
      1.0,
      1.0,
      1.0,
      1.0,
      1.0,
      1.0
    ],
    "fixed": [
      0.2149585870212671,
      0.30388958109981984,
      0.401650767264357,
      0.475882958647766,
      0.5289259790474442,
      0.5604801241586719,
      0.593322455582778,
      0.6143655898846226,
      0.6309903308208021,
      0.6457573328987652,
      0.6576453037600184,
      0.6670576206168296,
      0.6752504053420879,
      0.6830868379238901,
      0.6905629792991967,
      0.6972769358271744,
      0.7027717793051319,
      0.7074772910553871,
      0.7121007692149132,
      0.7165622652714961,
      0.7206082031411117,
      0.7243593058913272,
      0.7281093058913274,
      0.7318593058913274,
      0.7355380782524207,
      0.7384314384764797,
      0.7405110406036536,
      0.7423097476743078,
      0.7431319995600231,
      0.7435330343443888,
      0.7435330343443888,
      0.7435330343443888,
      0.7435330343443888,
      0.7435330343443888,
      0.7435330343443888,
      0.7435330343443888,
      0.7435330343443888,
      0.7435330343443888,
      0.7435330343443888,
      0.7435330343443888,
      0.7435330343443888,
      0.7435330343443888,
      0.7435330343443888,
      0.7435330343443888,
      0.7435330343443888,
      0.7435330343443888,
      0.7435330343443888,
      0.7435330343443888,
      0.7435330343443888,
      0.7435330343443888,
      0.7435330343443888,
      0.7435330343443888,
      0.7435330343443888,
      0.7435330343443888,
      0.7435330343443888,
      0.7435330343443888,
      0.7435330343443888,
      0.7435330343443888,
      0.7435330343443888,
      0.7435330343443888,
      0.7435330343443888,
      0.7435330343443888,
      0.7435330343443888,
      0.7435330343443888,
      0.7435330343443888,
      0.7435330343443888,
      0.7435330343443888,
      0.7435330343443888,
      0.7435330343443888,
      0.7435330343443888,
      0.7435330343443888,
      0.7435330343443888,
      0.7435330343443888,
      0.7435330343443888,
      0.7435330343443888,
      0.7435330343443888,
      0.7435330343443888,
      0.7435330343443888,
      0.7435330343443888,
      0.7435330343443888,
      0.7435330343443888,
      0.7435330343443888,
      0.7435330343443888,
      0.7435330343443888,
      0.7435330343443888,
      0.7435330343443888,
      0.7435330343443888,
      0.7435330343443888,
      0.7435330343443888,
      0.7435330343443888,
      0.7435330343443888,
      0.7435330343443888,
      0.7435330343443888,
      0.7435330343443888,
      0.7435330343443888,
      0.7435330343443888,
      0.7435330343443888,
      0.7435330343443888,
      0.7435330343443888,
      0.7435330343443888,
      0.7435330343443888,
      0.7435330343443888,
      0.7435330343443888,
      0.7435330343443888,
      0.7435330343443888,
      0.7435330343443888,
      0.7435330343443888,
      0.7435330343443888,
      0.7435330343443888,
      0.7435330343443888,
      0.7435330343443888,
      0.7435330343443888,
      0.7435330343443888,
      0.7435330343443888,
      0.7435330343443888,
      0.7435330343443888,
      0.7435330343443888,
      0.7435330343443888,
      0.7435330343443888,
      0.7435330343443888,
      0.7435330343443888,
      0.7435330343443888,
      0.7435330343443888,
      0.7435330343443888,
      0.7435330343443888,
      0.7435330343443888,
      0.7435330343443888,
      0.7435330343443888,
      0.7435330343443888,
      0.7435330343443888,
      0.7435330343443888,
      0.7435330343443888,
      0.7435330343443888,
      0.7435330343443888,
      0.7435330343443888,
      0.7435330343443888,
      0.7435330343443888,
      0.7435330343443888,
      0.7435330343443888,
      0.7435330343443888,
      0.7435330343443888,
      0.7435330343443888,
      0.7435330343443888,
      0.7435330343443888,
      0.7435330343443888,
      0.7435330343443888,
      0.7435330343443888,
      0.7435330343443888,
      0.7435330343443888,
      0.7435330343443888
    ],